filename;width;height;class;xmin;ymin;xmax;ymax
B53_jpg.rf.d34c46c63ff7713496d6b229de836276.jpg;416;416;Not Ready to Harvest;84;43;317;340
B34_jpg.rf.d26b6e67596fc4318508727e13f6d554.jpg;416;416;Not Ready to Harvest;94;176;414;323
M41_jpg.rf.d5d3c501e8f6bd349c47ecb7a7812097.jpg;416;416;Ready to Harvest;0;69;373;365
B3_jpg.rf.d4798d317d9ce2974b72723739627dc9.jpg;416;416;Not Ready to Harvest;47;180;253;273
B39_jpg.rf.d5c9e1a0129ccc97e6d4b63681133a9c.jpg;416;416;Not Ready to Harvest;91;166;294;337
B94_jpg.rf.d45aa1d4c552a624a01344862feff72e.jpg;416;416;Not Ready to Harvest;23;118;396;400
B59_jpg.rf.d46602de3c871c35f05f7af0d5cd29e2.jpg;416;416;Not Ready to Harvest;37;125;389;336
B99_JPG_jpg.rf.dab17ea3ef27e15ebc2aaf6d6522e336.jpg;416;416;Not Ready to Harvest;27;68;403;331
B75_jpg.rf.d4e95d65ea922590337ae9d2880dae54.jpg;416;416;Not Ready to Harvest;34;97;346;381
B39_jpg.rf.d6010267b67d15540ef5b1ff2baeeb94.jpg;416;416;Not Ready to Harvest;76;173;290;354
B2_jpg.rf.d59f266b29b3454295852b0a1080fff2.jpg;416;416;Not Ready to Harvest;142;167;342;249
M9_jpg.rf.d43408b10336b47e0f5e253c089dafa9.jpg;416;416;Ready to Harvest;20;104;405;342
B57_jpg.rf.da21f8bf2b8ab9cf9a4470964a93f88b.jpg;416;416;Not Ready to Harvest;33;100;373;300
B44_jpg.rf.d882902967ddc50276a950bdb7d82c3f.jpg;416;416;Not Ready to Harvest;111;145;386;339
M79_jpg.rf.d9db7cbe3d485cb54c921922d1253514.jpg;416;416;Ready to Harvest;19;88;397;332
M94_jpg.rf.dd256825eac27f0e2da344c76eeca170.jpg;416;416;Ready to Harvest;8;96;344;371
B6_jpg.rf.d807d81097ead0ee4d5e19dc67eaca35.jpg;416;416;Not Ready to Harvest;22;117;323;348
M81_jpg.rf.e13e5ba428aed4df8d08eebc80c7bdc7.jpg;416;416;Ready to Harvest;37;94;414;396
B75_jpg.rf.d8bfee547314218b9f8b4e7e8aff871f.jpg;416;416;Not Ready to Harvest;68;94;359;359
M86_jpg.rf.d576786670a7251f16de17d7bf40dcc3.jpg;416;416;Ready to Harvest;53;80;412;345
B92_jpg.rf.d7115ad2bbab050e71e103b472bc5cd4.jpg;416;416;Not Ready to Harvest;24;90;396;359
B64_jpg.rf.d7871fc92c093ea6eec5e2c94722e500.jpg;416;416;Not Ready to Harvest;27;140;392;374
M59_jpg.rf.dda9cb64dd99d44cc21e1c872f3fe684.jpg;416;416;Ready to Harvest;20;149;341;356
B92_jpg.rf.dd95654458ee125b7fd218c86f5f1e4e.jpg;416;416;Not Ready to Harvest;22;92;414;376
B60_jpg.rf.d5e124171d81333d9c6814b273f7d069.jpg;416;416;Not Ready to Harvest;22;108;385;345
B40_jpg.rf.e3aff4f801ed31889ae759fc84020be8.jpg;416;416;Not Ready to Harvest;17;58;368;324
M57_jpg.rf.e2429e5124fc8143d8f0183896349f73.jpg;416;416;Ready to Harvest;129;89;397;358
B85_jpg.rf.e2446a2963ff1f3ddd9c3ba68c263d86.jpg;416;416;Not Ready to Harvest;17;103;407;358
B88_jpg.rf.ddd842f7c3113deb0c6927e0e80d98f8.jpg;416;416;Not Ready to Harvest;41;108;415;398
B32_jpg.rf.ddf0507eef83698e68455f7c90da4e0b.jpg;416;416;Not Ready to Harvest;75;171;378;308
B31_jpg.rf.e7495ac465666fccfc505adb6c10ee94.jpg;416;416;Not Ready to Harvest;126;113;357;363
B25_jpg.rf.e7b5af2e1bad5150c48e2f62b2857308.jpg;416;416;Not Ready to Harvest;63;150;359;325
B31_jpg.rf.db5e4f9978902f072805ccfd00378e64.jpg;416;416;Not Ready to Harvest;133;129;368;382
B89_jpg.rf.e159865dd9105b0ba270685e6252e036.jpg;416;416;Not Ready to Harvest;0;96;415;380
B97_JPG_jpg.rf.e8b01d56a22b8cdf6eeb4daf22f13bbe.jpg;416;416;Not Ready to Harvest;43;67;396;349
B29_jpg.rf.e33c192ed3fd96e5076d4de00c2716d2.jpg;416;416;Not Ready to Harvest;121;140;358;321
B37_jpg.rf.ddd71c56d28930762a3223fea861a3e7.jpg;416;416;Not Ready to Harvest;51;147;288;304
B56_jpg.rf.e4e0e6bdf570e53dbdf1ddf2538f4310.jpg;416;416;Not Ready to Harvest;1;91;386;318
B74_jpg.rf.e63a8adf6c22b8c401617d3c998cf42e.jpg;416;416;Not Ready to Harvest;0;86;415;370
B81_jpg.rf.e2ff9362c2059b71e6bd4c1ea699cdfb.jpg;416;416;Not Ready to Harvest;12;117;415;355
B8_jpg.rf.e2c10278fe63c35b2241ba9d7331b3f6.jpg;416;416;Not Ready to Harvest;41;113;350;357
B57_jpg.rf.e3cf478a9dc7efa2781d82049c7b4c9d.jpg;416;416;Not Ready to Harvest;28;104;374;308
B23_jpg.rf.df83a87b0af00de6ff87db68a26546d4.jpg;416;416;Not Ready to Harvest;64;159;347;335
B29_jpg.rf.e85a26d874ad36a18d2a43277da98ee7.jpg;416;416;Not Ready to Harvest;143;150;389;337
B1_jpg.rf.e851870994a843b39323d81916532b22.jpg;416;416;Not Ready to Harvest;29;165;254;247
B72_jpg.rf.e73d10230d91a9a108e154e73a579f5d.jpg;416;416;Not Ready to Harvest;34;113;282;353
M72_jpg.rf.ec76bc982a25bd46fa76382c7144f202.jpg;416;416;Ready to Harvest;60;100;344;352
M74_jpg.rf.e959d0aaca268e280724ef61d7c98301.jpg;416;416;Ready to Harvest;28;115;358;322
M53_jpg.rf.e40395bf746f6236d453dd5b15b41bbe.jpg;416;416;Ready to Harvest;32;71;356;313
M96_jpg.rf.e8b0a9baebf153915fd6d5b918f3d0db.jpg;416;416;Not Ready to Harvest;19;77;397;415
M60_jpg.rf.eb05a32c4fc908559e86bb01309f2d69.jpg;416;416;Ready to Harvest;93;123;371;399
B33_jpg.rf.ea8417a5aad6c794be77f6ec851a3f74.jpg;416;416;Not Ready to Harvest;81;200;400;390
B2_jpg.rf.ec924eb6497468acdd5fc05945660e72.jpg;416;416;Not Ready to Harvest;123;170;325;253
M7_jpg.rf.eb4cd96c1e7883c2702cdb523d624230.jpg;416;416;Ready to Harvest;20;78;400;349
M99_jpg.rf.edcec9be81811e9446a8af221eb5553c.jpg;416;416;Not Ready to Harvest;0;65;298;404
B40_jpg.rf.eb542745a121b1450c31ef1b56efd0c9.jpg;416;416;Not Ready to Harvest;4;55;367;330
B69_jpg.rf.ecd1fba95339b1c0e933ba95b947e78d.jpg;416;416;Not Ready to Harvest;72;98;362;380
B17_jpg.rf.ee2db05f29b02112d53c22f811a694e6.jpg;416;416;Not Ready to Harvest;81;173;316;346
B18_jpg.rf.ef0fa38ec82375e8d8220fd533fc6926.jpg;416;416;Not Ready to Harvest;70;173;262;335
M87_jpg.rf.eb8f12873ee512fc0322b4a83f4994f3.jpg;416;416;Ready to Harvest;59;111;411;380
B74_jpg.rf.ee6a814a58303e0c751e6c86885eff61.jpg;416;416;Not Ready to Harvest;4;105;414;372
M82_jpg.rf.ec950791a000622bc2d74faa094befb7.jpg;416;416;Ready to Harvest;95;121;415;399
B60_jpg.rf.edaa0b2acb828414a84973ca6f1769b9.jpg;416;416;Not Ready to Harvest;10;119;374;356
M89_jpg.rf.ee9ef7292e08ffd65d596ca04e937dca.jpg;416;416;Ready to Harvest;113;69;408;399
M60_jpg.rf.e9b257dcdc09ae279939bf944ea247fe.jpg;416;416;Ready to Harvest;113;125;367;378
B17_jpg.rf.ed0e9cfe2d0b3775e2dd8f6ad83b6046.jpg;416;416;Not Ready to Harvest;106;152;323;312
M76_jpg.rf.f3c02155394849ee7e1cc1a36fb65bdb.jpg;416;416;Ready to Harvest;82;135;394;401
B65_jpg.rf.eee17360a73e22b6225be84129cfb555.jpg;416;416;Not Ready to Harvest;31;118;400;339
B85_jpg.rf.f03671b28072c20e8d4890e628836797.jpg;416;416;Not Ready to Harvest;0;111;414;383
B2_jpg.rf.ee024cf5184d32ae888a5fe4551fa5ab.jpg;416;416;Not Ready to Harvest;136;178;330;257
B33_jpg.rf.f227b258c862fd0735c3871d75b17be3.jpg;416;416;Not Ready to Harvest;78;221;396;411
B13_jpg.rf.f00f0ac4bb9f53d4666312e32f586ab1.jpg;416;416;Not Ready to Harvest;80;117;326;273
B29_jpg.rf.f4fa4dd2776aa2a4e718312c66cd4c77.jpg;416;416;Not Ready to Harvest;123;134;366;318
M94_jpg.rf.f013f4c3865760d6f12299229c0000e7.jpg;416;416;Ready to Harvest;9;95;339;366
M59_jpg.rf.f6b2844231cebd2b776f303a5d683026.jpg;416;416;Ready to Harvest;4;125;328;335
B31_jpg.rf.f2c5b2054373579ad28df263eef7f59b.jpg;416;416;Not Ready to Harvest;129;125;352;366
B66_jpg.rf.f41dab27b574ebec89a6d3e660e0d982.jpg;416;416;Not Ready to Harvest;0;99;375;325
B63_jpg.rf.ebf7e30425b683ea9dd899c5b3405968.jpg;416;416;Not Ready to Harvest;17;57;388;311
B44_jpg.rf.f41bca6dfe393d86abb8e5adc7c5324c.jpg;416;416;Not Ready to Harvest;95;164;353;347
B91_jpg.rf.dff8133b1128836fabe24854f847e910.jpg;416;416;Not Ready to Harvest;15;84;414;367
B33_jpg.rf.f2c2864334276d3cb4b324d7122f0c6d.jpg;416;416;Not Ready to Harvest;75;209;374;388
B60_jpg.rf.f15c9ad372a29b283811c84b5a4bd7de.jpg;416;416;Not Ready to Harvest;2;119;365;356
B31_jpg.rf.f433ed6ecdf8a61e54abba668f29dc55.jpg;416;416;Not Ready to Harvest;127;111;369;373
B82_jpg.rf.f95d226b28b73052e122f380b7266cf1.jpg;416;416;Not Ready to Harvest;39;125;403;355
M71_jpg.rf.f5bfedc6d0687c25232aa569accc247d.jpg;416;416;Ready to Harvest;102;94;408;379
M68_jpg.rf.f5de1b4bc31fcc1e5c5e656517b0f7f7.jpg;416;416;Ready to Harvest;88;118;324;318
B93_jpg.rf.f71a09e23b6eba09059de3a52f9d6310.jpg;416;416;Not Ready to Harvest;21;129;415;404
B65_jpg.rf.f879ef9a6d19ba2f53fe76a9d3787d4d.jpg;416;416;Not Ready to Harvest;38;123;400;340
B94_jpg.rf.f85a9555d725b8840ff6f850abddf5cb.jpg;416;416;Not Ready to Harvest;0;110;405;415
B75_jpg.rf.f2b5cf0c9237d83ad79733a6e1367d21.jpg;416;416;Not Ready to Harvest;50;101;358;381
B67_jpg.rf.f79ce1e9ed6aaad6a18d96d5dafaa013.jpg;416;416;Not Ready to Harvest;41;127;400;347
B63_jpg.rf.f6334466009935b542dffe03b52f5975.jpg;416;416;Not Ready to Harvest;24;58;390;308
B65_jpg.rf.f64f67923f625050e2478952ee2fa716.jpg;416;416;Not Ready to Harvest;36;113;405;334
B35_jpg.rf.fafc45fe4718318106f51b1ee5879b38.jpg;416;416;Not Ready to Harvest;100;172;386;337
B92_jpg.rf.fe978d64a6a67e888e1690d599da31b5.jpg;416;416;Not Ready to Harvest;11;86;414;377
M91_jpg.rf.fa4e78eb838239832f5a850a7f0c24fc.jpg;416;416;Ready to Harvest;0;86;351;394
B29_jpg.rf.fad2ae940577178c316c57fd7f33e6dc.jpg;416;416;Not Ready to Harvest;144;135;378;314
M75_jpg.rf.f873d3424e50054fbfa90e1a00872c7a.jpg;416;416;Ready to Harvest;0;82;337;356
B27_jpg.rf.fb4390916f9b2600c54746b7a4180738.jpg;416;416;Not Ready to Harvest;90;127;416;303
B64_jpg.rf.f7475e96cdb51084227d184457b6f562.jpg;416;416;Not Ready to Harvest;30;129;361;342
B64_jpg.rf.ffe8e86d72ab3a8bd88dfb4bcb97080b.jpg;416;416;Not Ready to Harvest;29;130;365;345
B92_jpg.rf.fd1071a3ba2f39224673fecec8395265.jpg;416;416;Not Ready to Harvest;22;89;402;364
M95_jpg.rf.fe5d64de0ce1cbdc2088f2be77ab1136.jpg;416;416;Ready to Harvest;32;71;397;370
B44_jpg.rf.fef7abf05b29cfc97320828d7a38dec9.jpg;416;416;Not Ready to Harvest;88;167;349;352
M91_jpg.rf.fc51d0c4602ffdc0e9751e3e42938dc9.jpg;416;416;Ready to Harvest;6;67;363;375
B3_jpg.rf.fe4f2dedea29e3827aa7eda4307a9699.jpg;416;416;Not Ready to Harvest;45;177;256;271
B79_jpg.rf.f6e0ed4ca3a2ba04e7b70b7e3b3be478.jpg;416;416;Not Ready to Harvest;0;111;396;387
B90_jpg.rf.fab0e93639f3dc8a24838ebeed625f24.jpg;416;416;Not Ready to Harvest;19;97;415;395
B43_jpg.rf.fc92a19d552d1b101735f470aac49e45.jpg;416;416;Not Ready to Harvest;55;162;304;330
B6_jpg.rf.00b42b337cfade85edd48da6b47067d0.jpg;416;416;Not Ready to Harvest;18;115;323;348
B85_jpg.rf.00e6e2db0e0edc14431e811a8aa45ce4.jpg;416;416;Not Ready to Harvest;0;103;404;378
B82_jpg.rf.011a6cba88be12a98487fa6be8984117.jpg;416;416;Not Ready to Harvest;46;115;415;348
B69_jpg.rf.02992e56997e0ab1b4af16f3c09d59ac.jpg;416;416;Not Ready to Harvest;82;104;379;393
M56_jpg.rf.007774f028dadf37f7fd550622a0d59d.jpg;416;416;Ready to Harvest;117;123;345;369
B67_jpg.rf.05f52936a4a82f3d5dd57cfa2f046fb3.jpg;416;416;Not Ready to Harvest;39;107;415;348
B48_jpg.rf.07bc03bdba99b5167b343a70b9389827.jpg;416;416;Not Ready to Harvest;58;95;274;269
B57_jpg.rf.0802e6c2b66b594a43409f8983509abe.jpg;416;416;Not Ready to Harvest;32;100;374;302
M7_jpg.rf.08771865ee01729a0d060dd2b2d6a131.jpg;416;416;Ready to Harvest;27;81;389;339
B99_JPG_jpg.rf.070818087f4839c03a76abc0322e5e08.jpg;416;416;Not Ready to Harvest;7;54;415;340
B7_jpg.rf.096bab03deb4abf3e80f8e3a2f71d2d0.jpg;416;416;Not Ready to Harvest;31;142;347;356
B25_jpg.rf.02cf2f8454cc42d6e5b8b0c4d8498f5c.jpg;416;416;Not Ready to Harvest;65;149;362;325
B4_jpg.rf.05f720a0a16af9ec6e1b12bb782c7bc5.jpg;416;416;Not Ready to Harvest;0;190;291;310
M88_jpg.rf.08b0c568cf562a6e56edf351dcbc419e.jpg;416;416;Ready to Harvest;18;129;330;380
B42_jpg.rf.09edecbe5787a4f98b21ca8da76cb26a.jpg;416;416;Not Ready to Harvest;33;158;288;339
B13_jpg.rf.0a579865175a5698894d3db0e42a6210.jpg;416;416;Not Ready to Harvest;84;108;314;255
B79_jpg.rf.01d5700e4901610b7771617cde56cd05.jpg;416;416;Not Ready to Harvest;0;118;384;394
B6_jpg.rf.0a01c53a20a2a33c705b48940a6c6ade.jpg;416;416;Not Ready to Harvest;0;97;313;343
M57_jpg.rf.055782efda858d96d216224d7a5693d9.jpg;416;416;Ready to Harvest;129;76;413;362
B51_jpg.rf.08ab033f3d98f26836de6d560efb6acb.jpg;416;416;Not Ready to Harvest;99;177;334;385
M85_jpg.rf.0d9ed2e2d20e7622505d37e1c657a9ff.jpg;416;416;Ready to Harvest;4;89;345;326
M95_jpg.rf.0df25e1b1e0a5ff7df51c3421746c31b.jpg;416;416;Ready to Harvest;47;70;393;354
B94_jpg.rf.0bac58acc5a88d9ff2d13559ae18bbce.jpg;416;416;Not Ready to Harvest;5;106;395;401
B25_jpg.rf.11cc1d3fb1aa52ea52dba4f7a8056a49.jpg;416;416;Not Ready to Harvest;55;151;355;329
B10_jpg.rf.0a8581baee159298603c1c57c3fc8cdc.jpg;416;416;Not Ready to Harvest;90;116;371;358
M76_jpg.rf.02b003394ed436f887f548b9b4214dc1.jpg;416;416;Ready to Harvest;83;127;409;404
B10_jpg.rf.0c81aa4142c280a9bb0adc929edb4dcf.jpg;416;416;Not Ready to Harvest;79;134;363;378
B90_jpg.rf.0e94ecad4fbfbcfd74ce71d23e06920e.jpg;416;416;Not Ready to Harvest;24;112;415;398
B97_JPG_jpg.rf.0b307ed2ea613f265cc0d5aec094166c.jpg;416;416;Not Ready to Harvest;39;60;415;364
B48_jpg.rf.04e1f8ba505cebc6c9855c6b6088b34f.jpg;416;416;Not Ready to Harvest;52;94;270;271
B19_jpg.rf.064cb0fc17a018b752ddd59c59b9644d.jpg;416;416;Not Ready to Harvest;114;185;415;343
M90_jpg.rf.0d015cc1e46eeae75bfdd44dc05e04c4.jpg;416;416;Ready to Harvest;0;106;366;416
M54_jpg.rf.0f6998c9677adfb7969d9eeff4f46c63.jpg;416;416;Ready to Harvest;62;83;383;347
B88_jpg.rf.127ac73fdfd25318f9e31be6437d219d.jpg;416;416;Not Ready to Harvest;31;88;414;367
M71_jpg.rf.10bc664a45929ee998816e08eb2d1a4f.jpg;416;416;Ready to Harvest;117;89;416;377
M9_jpg.rf.0915c2c15f368c14bc2e4c6d11d1790b.jpg;416;416;Ready to Harvest;26;110;405;345
B33_jpg.rf.10acaccbec543db70673ff4f42a5737f.jpg;416;416;Not Ready to Harvest;77;206;379;386
B32_jpg.rf.0aee2dd2c5ff617e271a4fc51919c8a2.jpg;416;416;Not Ready to Harvest;78;183;374;318
B59_jpg.rf.0f5fd175b79c56041fde12500daf87a6.jpg;416;416;Not Ready to Harvest;31;117;395;335
B99_JPG_jpg.rf.0e4adbd7727197f0843a55e30e8f66d4.jpg;416;416;Not Ready to Harvest;36;70;415;354
B57_jpg.rf.1333a192d93222a50a606f2a1e1da460.jpg;416;416;Not Ready to Harvest;26;77;388;291
B66_jpg.rf.13372f96193717d02fd80616c6abfc9f.jpg;416;416;Not Ready to Harvest;12;113;376;329
B39_jpg.rf.12930128ac791a22fc5378c2d189c3a1.jpg;416;416;Not Ready to Harvest;85;162;291;338
M58_jpg.rf.13de33f047cb4542e973e9b5674568d3.jpg;416;416;Ready to Harvest;0;184;327;357
B21_jpg.rf.129bfd024f7c4b868ee35dfd0485ba8a.jpg;416;416;Not Ready to Harvest;81;134;369;306
M75_jpg.rf.144e4b8b7dd334ffee5eb6844b5c584e.jpg;416;416;Ready to Harvest;37;90;379;366
B8_jpg.rf.12faad0c8ebf640aeedd8169d28c8aee.jpg;416;416;Not Ready to Harvest;46;118;351;360
B86_jpg.rf.0574b043081d7e155dc4f73fa7de0c32.jpg;416;416;Not Ready to Harvest;18;129;416;385
B43_jpg.rf.16a63f13373918fa81993b12649ddd70.jpg;416;416;Not Ready to Harvest;53;160;305;329
B42_jpg.rf.1564301e66ff79fc4b38b301872dd4b0.jpg;416;416;Not Ready to Harvest;34;152;286;330
B29_jpg.rf.1461940694e7693097f3b104123fe1ea.jpg;416;416;Not Ready to Harvest;128;139;371;323
B64_jpg.rf.16b73027d36d08f6d925849b06462090.jpg;416;416;Not Ready to Harvest;29;126;384;355
B85_jpg.rf.12bbc510f8acbda1cfe806f051510caa.jpg;416;416;Not Ready to Harvest;15;104;406;361
B33_jpg.rf.11ebd5f5ce4d7b7e20ff02c4a5c37e03.jpg;416;416;Not Ready to Harvest;43;223;370;415
B2_jpg.rf.15776e163bb3feac9086c865ebcf3742.jpg;416;416;Not Ready to Harvest;135;178;327;257
B56_jpg.rf.161f78c7e8125f51658c074e965be5cd.jpg;416;416;Not Ready to Harvest;4;94;403;329
B86_jpg.rf.1807f21a35678c6b23934c34116ec8e1.jpg;416;416;Not Ready to Harvest;25;122;416;390
B51_jpg.rf.187fe42732d6438b3a390cc3df9e33dd.jpg;416;416;Not Ready to Harvest;83;145;323;358
B2_jpg.rf.176ed2a70b50abf5639fe8732f97779c.jpg;416;416;Not Ready to Harvest;134;171;338;254
B79_jpg.rf.16c56758c879563234adfa569665e102.jpg;416;416;Not Ready to Harvest;5;119;398;391
B40_jpg.rf.170218ccc8afd9c28c8a4b3510943eae.jpg;416;416;Not Ready to Harvest;14;50;367;318
B8_jpg.rf.14304f45f0c0e7238221d86a34be4901.jpg;416;416;Not Ready to Harvest;52;104;350;341
B33_jpg.rf.186d706490e973a0be43d9912e3ce00c.jpg;416;416;Not Ready to Harvest;73;199;382;384
B35_jpg.rf.168ffe5af144e86db6eb32e5a83995e5.jpg;416;416;Not Ready to Harvest;84;183;370;347
M94_jpg.rf.14aa97c036168f6899228183281dd09c.jpg;416;416;Ready to Harvest;0;96;339;376
M53_jpg.rf.1723f1d7d7ffa0b1240be4a3ec55e232.jpg;416;416;Ready to Harvest;35;74;356;313
B39_jpg.rf.1e44fbb18f982896901f4b3cf788f087.jpg;416;416;Not Ready to Harvest;74;169;286;348
B85_jpg.rf.1c0eadcdada34704f051c929bfcd9f3e.jpg;416;416;Not Ready to Harvest;2;85;415;359
B53_jpg.rf.18ac6fb07bfa349440c8cd0c98626eb6.jpg;416;416;Not Ready to Harvest;70;13;310;317
B48_jpg.rf.19bc20352953b7ae4cfeed3a4847dcd6.jpg;416;416;Not Ready to Harvest;59;94;279;272
M70_jpg.rf.1dd2c0909dec5e3d98512bb93446bd7e.jpg;416;416;Ready to Harvest;113;102;392;388
M78_jpg.rf.1b96a21ed4c56977340fc89b47466239.jpg;416;416;Ready to Harvest;17;136;324;388
B90_jpg.rf.1f1852ce98b504506e61cc34f45d6df9.jpg;416;416;Not Ready to Harvest;17;111;404;389
B39_jpg.rf.1df715a2846a9d22361c71e4790bdfcc.jpg;416;416;Not Ready to Harvest;92;157;301;334
M87_jpg.rf.1824f60be4bb4c0c9d4e9b42aa2202d4.jpg;416;416;Ready to Harvest;61;91;416;366
B17_jpg.rf.190a599e9f60617ae79d73ffd5b95a99.jpg;416;416;Not Ready to Harvest;104;158;319;317
M41_jpg.rf.22e892d6240631027d5f1c1a7401c07f.jpg;416;416;Ready to Harvest;1;54;360;338
B73_jpg.rf.1ff90e47dca71c73877161b5f699d7ad.jpg;416;416;Not Ready to Harvest;77;122;335;386
M7_jpg.rf.1b9fc6ead21e1541ffa877627ea39120.jpg;416;416;Ready to Harvest;12;65;390;335
B16_jpg.rf.254f432e44166425aa84276d7b33759d.jpg;416;416;Not Ready to Harvest;110;160;368;319
B41_jpg.rf.1f64e2ea7cc4c2c5a235b838183181e2.jpg;416;416;Not Ready to Harvest;1;104;314;304
B27_jpg.rf.206046c32f83d1d46c34c463ab8a8726.jpg;416;416;Not Ready to Harvest;120;155;415;335
M98_jpg.rf.1c9e719f2aa7a2ac415d951a68038925.jpg;416;416;Not Ready to Harvest;66;70;415;370
B52_jpg.rf.224cf2de6387523a0b2cd78539b1c35e.jpg;416;416;Not Ready to Harvest;123;141;386;351
B53_jpg.rf.2174e02651c43bf4ad02803b1af18845.jpg;416;416;Not Ready to Harvest;78;12;318;317
B91_jpg.rf.27019d31f18c7a86def6331639feaa71.jpg;416;416;Not Ready to Harvest;14;53;415;366
B10_jpg.rf.201ba3bb05438e00fcccd84bec539407.jpg;416;416;Not Ready to Harvest;94;120;367;355
M89_jpg.rf.2564de9fcb57c36de86d61acea8809d8.jpg;416;416;Ready to Harvest;109;73;400;399
M82_jpg.rf.20b4255853dcb1e81ec0a35070148e5e.jpg;416;416;Ready to Harvest;96;134;408;387
B63_jpg.rf.203286b179f93726a793b5e908b4c05d.jpg;416;416;Not Ready to Harvest;11;38;396;301
B44_jpg.rf.1b3f00a7001f53142091bc04b6d730dd.jpg;416;416;Not Ready to Harvest;104;163;353;339
B100_JPG.rf.224d9e2dd506fb73fdff4f67332a492e.jpg;416;416;Not Ready to Harvest;80;107;327;307
M93_jpg.rf.20411ebb357895addbb48400ef50b4e5.jpg;416;416;Ready to Harvest;0;52;370;416
B91_jpg.rf.26f6fb44e0575ad21e4b7cadefdf5dea.jpg;416;416;Not Ready to Harvest;0;66;415;372
B59_jpg.rf.27aae1a625a36dd3ed29faf54cf0ee53.jpg;416;416;Not Ready to Harvest;39;112;400;328
M87_jpg.rf.23babef0ba390490170f0be24b5c814b.jpg;416;416;Ready to Harvest;50;79;416;364
M60_jpg.rf.25fcb970592e844fd72a1e50b8de5773.jpg;416;416;Ready to Harvest;112;124;368;379
B79_jpg.rf.25d7029d979725fe0d3ddc283a6ca88c.jpg;416;416;Not Ready to Harvest;5;104;390;370
B8_jpg.rf.26baf66c2be644fd01266eccc69e05f5.jpg;416;416;Not Ready to Harvest;39;89;357;342
B32_jpg.rf.29ddf46f369c8f4ebe86b86790dea68c.jpg;416;416;Not Ready to Harvest;58;193;362;331
B85_jpg.rf.280df753ac87ae4f77a18fe980e89e46.jpg;416;416;Not Ready to Harvest;0;107;412;383
B86_jpg.rf.27adc657d979c4deb1c2470a23e45fab.jpg;416;416;Not Ready to Harvest;17;113;415;374
B25_jpg.rf.282e4f25e3de28f0373822658384abd5.jpg;416;416;Not Ready to Harvest;67;139;386;328
B57_jpg.rf.2750e8d985c37ca224a4b8c896c82028.jpg;416;416;Not Ready to Harvest;11;86;375;301
B74_jpg.rf.25c293d2d2f8e7c345be806f83d6756f.jpg;416;416;Not Ready to Harvest;0;106;415;377
M52_jpg.rf.2ac56466ebd24183f0054e5d260ea5d8.jpg;416;416;Ready to Harvest;31;80;311;308
M98_jpg.rf.277031cde8d0340a74343622b71171cb.jpg;416;416;Not Ready to Harvest;65;58;415;371
B33_jpg.rf.280f5085b6b335b7a6665928ec7ac93c.jpg;416;416;Not Ready to Harvest;79;208;390;394
B35_jpg.rf.293216e384fd849927e9ffea47de684b.jpg;416;416;Not Ready to Harvest;101;184;396;355
B20_jpg.rf.28b60b6fd3200017202472da3e242e71.jpg;416;416;Not Ready to Harvest;75;141;369;301
B16_jpg.rf.29b58a157d30eb0348a10f47a83568ce.jpg;416;416;Not Ready to Harvest;86;147;363;319
M70_jpg.rf.28184ee7a6e5d2871284d7e16b9a80fe.jpg;416;416;Ready to Harvest;115;106;381;379
B86_jpg.rf.2cb6d968e4d86c6701b8d66dfcdeb630.jpg;416;416;Not Ready to Harvest;17;112;412;365
M68_jpg.rf.2ae574f72b603b9e618bb6351228cda4.jpg;416;416;Ready to Harvest;89;121;326;322
M85_jpg.rf.2ab0fa5bbedd0fe0a2c9fb5c80268f0a.jpg;416;416;Ready to Harvest;4;91;341;325
B60_jpg.rf.2b950c5fecc8cbbac2d6c1b415632d0d.jpg;416;416;Not Ready to Harvest;3;102;379;347
B59_jpg.rf.2965b91c96906174d35d397c99c44dfd.jpg;416;416;Not Ready to Harvest;38;123;387;332
B48_jpg.rf.28ba20cbae8c3596d44af4d1308c3392.jpg;416;416;Not Ready to Harvest;54;84;278;266
M58_jpg.rf.2a6b845d206db98a1c3a75b13a9ddc06.jpg;416;416;Ready to Harvest;8;170;318;330
B19_jpg.rf.2d4a4fd2ab11ce75e33da0c610feeadd.jpg;416;416;Not Ready to Harvest;107;183;415;343
B88_jpg.rf.1fc05a96a3995cf7bffd652c16ce48cd.jpg;416;416;Not Ready to Harvest;31;103;400;373
B88_jpg.rf.2870a1307bd1145a03128cd5b4525f20.jpg;416;416;Not Ready to Harvest;40;93;415;370
B4_jpg.rf.2dce196ea59a09cd6ae27b9d6ed9fbd0.jpg;416;416;Not Ready to Harvest;10;167;297;280
B50_jpg.rf.3067a1d90f3e9e10c72bb5f5ccc081c0.jpg;416;416;Not Ready to Harvest;92;149;331;344
B21_jpg.rf.307118fdd23f176d013069997b141a98.jpg;416;416;Not Ready to Harvest;86;105;372;275
B69_jpg.rf.3005b2c49164bad6334cfd05b7582b66.jpg;416;416;Not Ready to Harvest;78;103;368;385
B31_jpg.rf.2e326af3131b51ce6784bbda3a6aaf07.jpg;416;416;Not Ready to Harvest;134;110;372;366
B40_jpg.rf.2f50f21d507c55c9dcbf9bb0d085535e.jpg;416;416;Not Ready to Harvest;23;77;374;343
B18_jpg.rf.2c156c06fae2786dbcc76dde6e25ef39.jpg;416;416;Not Ready to Harvest;77;180;284;354
B11_jpg.rf.33ce2ac9a9169b4faa83ab1096fa2dc2.jpg;416;416;Not Ready to Harvest;86;121;404;348
B20_jpg.rf.30d6edb5750a768eb994e20b11b11195.jpg;416;416;Not Ready to Harvest;67;134;374;300
B59_jpg.rf.2ca7045f713fe4b201283d917ecc0a81.jpg;416;416;Not Ready to Harvest;29;114;406;340
M98_jpg.rf.30f4d6834c470ac1c2739f7a2379a24b.jpg;416;416;Not Ready to Harvest;60;74;415;384
M74_jpg.rf.327dfcb1c035631af678eda79c6f0c64.jpg;416;416;Ready to Harvest;25;127;341;325
M77_jpg.rf.32e81e156ace1e5860972b60a880cd2e.jpg;416;416;Ready to Harvest;66;140;348;357
M65_jpg.rf.3565e19c291b001163a9d8bdb52ed44d.jpg;416;416;Ready to Harvest;69;76;344;354
M93_jpg.rf.31c1fb2e3cceeea0d0fb4ac31c2b6c6e.jpg;416;416;Ready to Harvest;0;55;364;411
B20_jpg.rf.2fe1cda39dfb57019abeb0dc971221ac.jpg;416;416;Not Ready to Harvest;71;153;369;314
B69_jpg.rf.30eeafa6b3e3980425b95afb0c947c1a.jpg;416;416;Not Ready to Harvest;80;96;365;374
B1_jpg.rf.320647eeeffa21b858a487f633b979c1.jpg;416;416;Not Ready to Harvest;48;149;276;233
B13_jpg.rf.347391e08574f078680f9ce721856330.jpg;416;416;Not Ready to Harvest;90;117;320;264
B73_jpg.rf.365b5cb0398fc38b7f1edbf603345b5d.jpg;416;416;Not Ready to Harvest;79;107;339;373
B33_jpg.rf.34da7658acb2f82f975a385b13ea7fa4.jpg;416;416;Not Ready to Harvest;64;221;380;410
M70_jpg.rf.321462fa49dacfdbfc20603b246ba81a.jpg;416;416;Ready to Harvest;106;104;386;392
B6_jpg.rf.367612bfb6d92893b96d0d93f5dfe0a6.jpg;416;416;Not Ready to Harvest;14;118;322;354
M91_jpg.rf.389bb74d58c6f49fc53e171701ad1b6e.jpg;416;416;Ready to Harvest;4;81;341;371
M73_jpg.rf.38a096f4d1b1e2261431f4ed06f06860.jpg;416;416;Ready to Harvest;36;89;339;359
B65_jpg.rf.3d64770e3a43ab42db3da128670bb8b9.jpg;416;416;Not Ready to Harvest;38;123;395;336
B75_jpg.rf.2e918f2cfdd05197f21a07cf3aeb25b6.jpg;416;416;Not Ready to Harvest;70;104;359;366
B75_jpg.rf.35ac6a9af52020104d7cbd56172bbd21.jpg;416;416;Not Ready to Harvest;37;112;345;392
M8_jpg.rf.3d2d8effd8899c36b2b3b57ca79bb8dd.jpg;416;416;Ready to Harvest;10;31;386;328
B65_jpg.rf.356fd847f7cc11c4c0445b8cfb288ddd.jpg;416;416;Not Ready to Harvest;29;118;389;334
M95_jpg.rf.39d3c0ed3061000bd094832706c81b1f.jpg;416;416;Ready to Harvest;48;71;394;354
M65_jpg.rf.3b35c5d0c6721777f62abf75751dfa88.jpg;416;416;Ready to Harvest;71;82;342;356
B45_jpg.rf.3570832ab76c670adb7f03ed37e2390c.jpg;416;416;Not Ready to Harvest;40;141;242;322
B69_jpg.rf.2b112cbf1e88263472eec5a06927a348.jpg;416;416;Not Ready to Harvest;81;97;375;383
B63_jpg.rf.3f4e3467600416c531eded8500a3c295.jpg;416;416;Not Ready to Harvest;28;64;385;308
B67_jpg.rf.39f208c4567bc9e4f947ebcaf4425ea3.jpg;416;416;Not Ready to Harvest;35;124;400;349
B97_JPG_jpg.rf.36540cc72c3b004fec9ac5c13104dfbc.jpg;416;416;Not Ready to Harvest;40;38;415;343
B89_jpg.rf.40a0477f3f4d0103564094e2dd279596.jpg;416;416;Not Ready to Harvest;1;96;405;367
B73_jpg.rf.412120ec57573b8fb9dd8c3150c5b687.jpg;416;416;Not Ready to Harvest;81;107;344;377
B99_JPG_jpg.rf.40b1ba806ddb9aecea4dcc92f7706887.jpg;416;416;Not Ready to Harvest;34;71;401;328
B57_jpg.rf.38f5197e36e46959ffa5cef110092b78.jpg;416;416;Not Ready to Harvest;16;70;390;290
B13_jpg.rf.3f7cc1a140316d15ee6a5fd677d0b2fe.jpg;416;416;Not Ready to Harvest;82;106;318;256
B64_jpg.rf.3c4bc55a18ddff6abb5721a389902565.jpg;416;416;Not Ready to Harvest;17;113;368;338
B53_jpg.rf.3a8458cf07263adb3383a53c25bec736.jpg;416;416;Not Ready to Harvest;63;45;303;349
M66_jpg.rf.3b9bd95554032e893ceed0f76efa68bd.jpg;416;416;Ready to Harvest;0;96;355;376
B85_jpg.rf.3c801ff8fe1696d72fce8d465ede6b81.jpg;416;416;Not Ready to Harvest;14;90;415;357
B35_jpg.rf.414b9e038339a4ce50ae78adb0fbcf32.jpg;416;416;Not Ready to Harvest;95;175;368;333
B27_jpg.rf.410cf643635f4f8bafd5e9b8023164e9.jpg;416;416;Not Ready to Harvest;103;142;416;311
B67_jpg.rf.38d539ac4102de35d09c5cad0af27cd6.jpg;416;416;Not Ready to Harvest;23;126;407;362
B100_JPG.rf.42ae91257e2c33760c4e05ca2e667774.jpg;416;416;Not Ready to Harvest;67;106;337;325
B19_jpg.rf.4275c5a449ee8f64a09e3c6486689c53.jpg;416;416;Not Ready to Harvest;123;185;415;341
B20_jpg.rf.41b10ad51288d04a74a17d27a5284384.jpg;416;416;Not Ready to Harvest;73;148;362;304
B25_jpg.rf.41146045c8201b569d5a0fc0c03aa1cb.jpg;416;416;Not Ready to Harvest;53;131;371;320
B34_jpg.rf.3c5804bf8e5917531685bb9484f7f3be.jpg;416;416;Not Ready to Harvest;96;192;412;337
B73_jpg.rf.471c963d9b50fd0fa33c964dad92ec55.jpg;416;416;Not Ready to Harvest;67;106;319;364
M97_jpg.rf.3deea0cadbd54bd9a1206e5c6167e681.jpg;416;416;Not Ready to Harvest;13;91;416;396
M61_jpg.rf.37b1b154714321061a3998f166ef5f91.jpg;416;416;Ready to Harvest;19;124;373;369
B39_jpg.rf.412af0b621a8d7f30763ff301ef3943c.jpg;416;416;Not Ready to Harvest;85;165;292;340
B48_jpg.rf.4ab3d50df7b76c061f3b8276477f4156.jpg;416;416;Not Ready to Harvest;43;90;276;279
B41_jpg.rf.4546ca04d8cf14876dc9a9865d206023.jpg;416;416;Not Ready to Harvest;18;111;318;304
B89_jpg.rf.49cc742f5526c416bd33e8a1a3bbb038.jpg;416;416;Not Ready to Harvest;11;89;405;353
M72_jpg.rf.39db27af974e253871363fd0621f2152.jpg;416;416;Ready to Harvest;72;81;364;341
B6_jpg.rf.47b5fd43e6be82c43c49fb66829d1dfc.jpg;416;416;Not Ready to Harvest;20;113;323;346
B40_jpg.rf.49628c4fc36abe685d9f0a80f796bf3b.jpg;416;416;Not Ready to Harvest;36;45;396;318
B16_jpg.rf.4188c31c887ef1bed31575e28e6caaef.jpg;416;416;Not Ready to Harvest;98;148;366;314
B7_jpg.rf.4b9f1afbec465416d18a84bc96900707.jpg;416;416;Not Ready to Harvest;47;108;368;326
B7_jpg.rf.4a35502d3ecc54587d79b7ce9f484168.jpg;416;416;Not Ready to Harvest;24;126;339;340
M69_jpg.rf.4d50aa54b4a54c5e1a31bfe98155ff66.jpg;416;416;Ready to Harvest;19;114;325;375
B34_jpg.rf.4d72955bb546cd8caf8137ab0a673c35.jpg;416;416;Not Ready to Harvest;76;197;399;345
B50_jpg.rf.49c5d743e64d7ce2c71548b8ab05842a.jpg;416;416;Not Ready to Harvest;94;157;344;361
B48_jpg.rf.4bb2b3d776eec3de360b5b2fe81f709a.jpg;416;416;Not Ready to Harvest;58;96;273;270
M88_jpg.rf.46d45a7778df79ac2fd983dd226c7d58.jpg;416;416;Ready to Harvest;12;127;333;385
M61_jpg.rf.504adc435766624085752557cf60c206.jpg;416;416;Ready to Harvest;22;123;371;364
B90_jpg.rf.48b332804119e2621dbd5e578c953a37.jpg;416;416;Not Ready to Harvest;15;101;414;387
M82_jpg.rf.4927cb1cefa3b7da88c5449941709d65.jpg;416;416;Ready to Harvest;94;122;416;383
B39_jpg.rf.4f8b80ab4fe03119d9c2a2c38cd63077.jpg;416;416;Not Ready to Harvest;84;157;290;333
M85_jpg.rf.4dc920d65c26d2e1b92d9e857fc3da85.jpg;416;416;Ready to Harvest;0;79;342;323
M76_jpg.rf.44ae16e0a25696a8c3c71004755104c1.jpg;416;416;Ready to Harvest;88;122;416;410
B18_jpg.rf.4f24e4b382a49c22a031c4b9e4bf7e65.jpg;416;416;Not Ready to Harvest;78;155;287;330
B20_jpg.rf.530b07ba01376e83bcecd626a3c4897e.jpg;416;416;Not Ready to Harvest;70;153;360;310
B15_jpg.rf.4c1cd04b020af50dbb75b19466349fdb.jpg;416;416;Not Ready to Harvest;59;187;324;339
B7_jpg.rf.501254038511db8dd7e0905df8ff67e5.jpg;416;416;Not Ready to Harvest;46;136;342;336
B40_jpg.rf.51da3d928dcf88511dc864139e857bca.jpg;416;416;Not Ready to Harvest;30;65;363;318
B60_jpg.rf.49208030b7784c66f414dc40f1278a4e.jpg;416;416;Not Ready to Harvest;16;120;365;347
M67_jpg.rf.52570df537ddfa5a040d4d99018ce289.jpg;416;416;Ready to Harvest;101;110;395;388
B21_jpg.rf.51dcdfd8fbd6da8f97324ff01287f9fe.jpg;416;416;Not Ready to Harvest;97;127;362;285
B90_jpg.rf.4f0b588e0ce707a1fcc1cd48b753edd1.jpg;416;416;Not Ready to Harvest;16;106;407;387
B57_jpg.rf.5077bc1df5095a6728dca57175245b83.jpg;416;416;Not Ready to Harvest;31;113;407;334
B19_jpg.rf.51caa9facc71b306fd09c269762c9437.jpg;416;416;Not Ready to Harvest;116;179;415;349
M71_jpg.rf.5280115ff7fb21dc3f8f1b75b7486040.jpg;416;416;Ready to Harvest;109;99;415;391
B4_jpg.rf.555cb23b500e6cfb1a9ba4a310915a65.jpg;416;416;Not Ready to Harvest;10;182;295;294
B1_jpg.rf.52a0bcde99a41bb378428e93690e54e1.jpg;416;416;Not Ready to Harvest;37;149;261;230
B41_jpg.rf.5514d0068c782b98263ff6b1e11d50f6.jpg;416;416;Not Ready to Harvest;22;99;337;302
M41_jpg.rf.526132065de21e7f678ff9f39bd92a40.jpg;416;416;Ready to Harvest;19;64;365;337
B75_jpg.rf.58f4accdb4ff3932035c1f34717e10d6.jpg;416;416;Not Ready to Harvest;61;97;356;364
M61_jpg.rf.5ade27c3ea33ade0bc459f36bab9bb58.jpg;416;416;Ready to Harvest;23;118;377;363
B98_JPG_jpg.rf.553833d1c76284f05e73663c9c07a573.jpg;416;416;Not Ready to Harvest;50;105;363;323
B31_jpg.rf.5b50261d01ec2f54f62ca92bfa9586fe.jpg;416;416;Not Ready to Harvest;129;122;364;375
B31_jpg.rf.59681cda160103b41b803a27a865e6ba.jpg;416;416;Not Ready to Harvest;129;125;352;366
B59_jpg.rf.56e391be2df393fc9cc6eaddd53a7bf0.jpg;416;416;Not Ready to Harvest;41;127;395;339
B7_jpg.rf.5adb28e443115c070d79b4dda6440734.jpg;416;416;Not Ready to Harvest;52;135;341;331
B72_jpg.rf.578b31a9f75e880a78e5497c0e74df7a.jpg;416;416;Not Ready to Harvest;36;104;289;348
M79_jpg.rf.5d972d974d01da695901ba4f87deae5e.jpg;416;416;Ready to Harvest;6;101;386;347
B100_JPG_jpg.rf.4e491d2d89c2c1c3d23354e21ce923da.jpg;416;416;Not Ready to Harvest;80;92;341;305
B74_jpg.rf.5b6cf80e7c7ec78d9dc34a71f8c07ccc.jpg;416;416;Not Ready to Harvest;0;104;415;394
M92_jpg.rf.5089e9d3738109360796341c27591aa0.jpg;416;416;Ready to Harvest;0;84;358;403
M40_jpg.rf.5dd99f77026112b070bda18ac688a682.jpg;416;416;Ready to Harvest;20;69;401;294
B66_jpg.rf.60417d3988155e36afe826224091f66c.jpg;416;416;Not Ready to Harvest;8;115;376;333
B44_jpg.rf.5b9010b4dd41a716b0557d75b894a1dc.jpg;416;416;Not Ready to Harvest;95;161;354;345
B82_jpg.rf.6174bc524fa73c20e151fa9f4c35c412.jpg;416;416;Not Ready to Harvest;70;129;415;364
B63_jpg.rf.624bb2bd5d158b24fbd3e251d88f11f5.jpg;416;416;Not Ready to Harvest;28;64;385;308
B23_jpg.rf.622e468b196958e07aea6c042b8ac648.jpg;416;416;Not Ready to Harvest;61;149;352;331
M55_jpg.rf.5ca4cb558276b5cd9500928b22864694.jpg;416;416;Ready to Harvest;61;129;416;404
M79_jpg.rf.5a5783fca6ca22e758afc24a0436ac14.jpg;416;416;Ready to Harvest;9;64;412;324
B23_jpg.rf.5ba57c7704802be20af00735ce1e0ad3.jpg;416;416;Not Ready to Harvest;51;153;339;333
B39_jpg.rf.5b8d80c970c4a74ffeb794c4c4d102d9.jpg;416;416;Not Ready to Harvest;74;150;289;332
B16_jpg.rf.5fd30532fc034c4558e36f2d1e927112.jpg;416;416;Not Ready to Harvest;109;159;366;319
M55_jpg.rf.63c44d3f7807c8c1d5719a1e1ea3b144.jpg;416;416;Ready to Harvest;63;119;409;387
M77_jpg.rf.60219cf0ff9342e3803825d07fbaab84.jpg;416;416;Ready to Harvest;88;146;355;351
B90_jpg.rf.64dfb7070aa642bc5870e5c9ea7fc71f.jpg;416;416;Not Ready to Harvest;8;109;413;400
M62_jpg.rf.642b2ef7910ff78d20633fd60f10f0e8.jpg;416;416;Ready to Harvest;153;150;416;380
B29_jpg.rf.5bc36de32d1664436f6d0aa821ff5f66.jpg;416;416;Not Ready to Harvest;118;149;366;337
M97_jpg.rf.611d08e52c02dd2676c833a820dbcda9.jpg;416;416;Not Ready to Harvest;24;107;413;391
M78_jpg.rf.641809bd840520e5e46e973a023cd134.jpg;416;416;Ready to Harvest;4;126;315;382
B100_JPG_jpg.rf.65f4fe2ed13972bae015a9a9a55aa058.jpg;416;416;Not Ready to Harvest;82;109;331;312
M97_jpg.rf.5a6be822885d704ee10cbc494d71cd1f.jpg;416;416;Not Ready to Harvest;24;105;415;391
B88_jpg.rf.64daf658a0047f4966ce04dc2929ac16.jpg;416;416;Not Ready to Harvest;34;107;414;385
B35_jpg.rf.6509ef3060c8326309fa505ac8e64faf.jpg;416;416;Not Ready to Harvest;98;171;372;329
M53_jpg.rf.6b1c887cd6f33132ff548b3cbb2258d7.jpg;416;416;Ready to Harvest;33;72;359;314
M84_jpg.rf.68af3b9c7922c56d362d2e29da0a89b3.jpg;416;416;Ready to Harvest;23;104;317;389
B8_jpg.rf.69042275bcc8790c1295bf4872b5a27b.jpg;416;416;Not Ready to Harvest;55;111;347;343
B15_jpg.rf.6bb67da3312d2f77ef730138d1c59f0c.jpg;416;416;Not Ready to Harvest;56;190;323;344
M73_jpg.rf.6c0780b0a90ffd99c05e91c6dc759677.jpg;416;416;Ready to Harvest;42;87;338;351
B45_jpg.rf.6e642b6430afe9fe3c944d01883c2156.jpg;416;416;Not Ready to Harvest;74;164;263;333
M68_jpg.rf.67dd5b229cdeac846b65cd4668fe460a.jpg;416;416;Ready to Harvest;89;113;333;320
M52_jpg.rf.689b7ea0587be0e792c3022c72527457.jpg;416;416;Ready to Harvest;30;100;313;331
B88_jpg.rf.66f6e1355955005cc0acb6dcb2612dda.jpg;416;416;Not Ready to Harvest;27;104;406;380
B25_jpg.rf.6dc1b47de61a81f62c6bba26383c8579.jpg;416;416;Not Ready to Harvest;35;143;353;332
B81_jpg.rf.6d600b516d08d124f19f64661a79d033.jpg;416;416;Not Ready to Harvest;4;122;415;347
M93_jpg.rf.6fef3e1aa022ff02e9453446f3ef11cb.jpg;416;416;Ready to Harvest;9;64;357;399
B41_jpg.rf.71cdbb9dada4f4f51b0f3306a8e183a0.jpg;416;416;Not Ready to Harvest;22;113;322;306
B40_jpg.rf.68a70a3357fc57564f65711b0b6bb049.jpg;416;416;Not Ready to Harvest;26;63;365;320
B37_jpg.rf.66276bf8277e02b4996ad832482a3a7c.jpg;416;416;Not Ready to Harvest;64;162;294;314
B100_JPG.rf.6e43593a7110cf41016db6d13a0b3420.jpg;416;416;Not Ready to Harvest;85;99;347;311
B99_JPG_jpg.rf.7047fbff6ea36fd10561fc9e35b21a45.jpg;416;416;Not Ready to Harvest;31;70;404;331
M56_jpg.rf.6ff0ab03276baa5ba044fc271fd86721.jpg;416;416;Ready to Harvest;106;112;347;371
B3_jpg.rf.6e629897fd0036bd9447ed1e7ebdb273.jpg;416;416;Not Ready to Harvest;42;172;253;267
B86_jpg.rf.678b8e99b0b5442e4b212a59a8ff919d.jpg;416;416;Not Ready to Harvest;1;125;415;395
B92_jpg.rf.71e181b22351cb2340f3e49c04e8dae2.jpg;416;416;Not Ready to Harvest;24;56;415;356
B33_jpg.rf.7074ebf75f021a33a082ce4beede2a99.jpg;416;416;Not Ready to Harvest;73;206;386;393
B86_jpg.rf.70997f636d0e84f1220132dc5ff700bd.jpg;416;416;Not Ready to Harvest;24;126;415;379
M62_jpg.rf.6c28892e446b08e7415a901136c0d911.jpg;416;416;Ready to Harvest;135;138;412;368
B72_jpg.rf.71089f9d05693fb593ce7a63ca0cd01d.jpg;416;416;Not Ready to Harvest;51;114;288;343
B82_jpg.rf.749200e7edd7e6d1a989910bd7bc5875.jpg;416;416;Not Ready to Harvest;31;111;407;348
M81_jpg.rf.6c7606f50fb11b62fd1c0b83cb1430c2.jpg;416;416;Ready to Harvest;50;93;416;387
B11_jpg.rf.72deb692e8fdddbfc0a8dbeefc1aefe9.jpg;416;416;Not Ready to Harvest;76;129;398;359
M8_jpg.rf.734785b26be8f0ac6ecb57531d4244c4.jpg;416;416;Ready to Harvest;28;54;376;330
B7_jpg.rf.730fcc2e88870ac4fc306c0ac642c4f7.jpg;416;416;Not Ready to Harvest;49;133;343;332
B19_jpg.rf.731ab12d4d07947d4a780cf7da7eac9b.jpg;416;416;Not Ready to Harvest;121;184;415;343
B65_jpg.rf.72a1fa10e6c20e94d70059d6786241c9.jpg;416;416;Not Ready to Harvest;36;125;389;336
B42_jpg.rf.741fb2b4cf9e4d7eae687d0e6db0c93e.jpg;416;416;Not Ready to Harvest;37;157;314;354
B6_jpg.rf.76b3dae5c4de1447632721a10679033f.jpg;416;416;Not Ready to Harvest;2;98;324;346
B34_jpg.rf.710a1290e10d85779da14cf055d93d9f.jpg;416;416;Not Ready to Harvest;81;191;405;339
B23_jpg.rf.747a690a21b96e35607f34195f62afc5.jpg;416;416;Not Ready to Harvest;56;164;342;342
B51_jpg.rf.6745e6059a4a7ae15698a2e2ef06f145.jpg;416;416;Not Ready to Harvest;105;167;326;363
B11_jpg.rf.72863f4599df85dbc2e7c93d4bc9ce13.jpg;416;416;Not Ready to Harvest;80;131;400;360
B21_jpg.rf.77ba84fd5c1498d0733646b5ffcbe7a1.jpg;416;416;Not Ready to Harvest;95;135;378;304
B4_jpg.rf.78c19ca306d9ffc5f902fd55694e3877.jpg;416;416;Not Ready to Harvest;3;179;289;291
B18_jpg.rf.768e0332f26e621c3fbb18b7ea20c54e.jpg;416;416;Not Ready to Harvest;72;171;265;333
B29_jpg.rf.7939dbbff1585c5d946c43c94942a8b3.jpg;416;416;Not Ready to Harvest;138;148;363;319
M69_jpg.rf.79f8772b25324f2020093e45bfa55cfb.jpg;416;416;Ready to Harvest;0;112;318;399
M62_jpg.rf.7c0c52611d2633bae525ee963ab4150f.jpg;416;416;Ready to Harvest;151;148;415;367
M96_jpg.rf.79f635d7119d4376d1f976eb5a5ff351.jpg;416;416;Not Ready to Harvest;8;43;405;411
M54_jpg.rf.750995d7d1d1aa131307f0fe67d188aa.jpg;416;416;Ready to Harvest;59;92;394;368
B19_jpg.rf.7ae9042b50984ce339794ef0b1868d41.jpg;416;416;Not Ready to Harvest;99;188;416;353
M96_jpg.rf.7ab7fd10b13b08b826de8e4b78a60577.jpg;416;416;Not Ready to Harvest;34;76;399;414
B10_jpg.rf.7c1af1422135863c773ec5deffc86a74.jpg;416;416;Not Ready to Harvest;95;128;359;355
B74_jpg.rf.7bd182a907f02c1699cbcba500ac04a9.jpg;416;416;Not Ready to Harvest;1;80;415;372
B23_jpg.rf.749ccda0d6fdecde4a97fed4a613067e.jpg;416;416;Not Ready to Harvest;43;148;341;334
B63_jpg.rf.796a9b81dc7fd6704982288e8bc6ce7b.jpg;416;416;Not Ready to Harvest;7;56;397;321
B50_jpg.rf.7ce88d7555fda7e52e801c27dd8e531b.jpg;416;416;Not Ready to Harvest;101;148;335;339
M40_jpg.rf.764be45c2d0fbe153675d87fd9646e7c.jpg;416;416;Ready to Harvest;55;90;415;309
M9_jpg.rf.7fef9f34c5771c9c7b2340ab9fa2fb23.jpg;416;416;Ready to Harvest;26;113;416;366
B53_jpg.rf.7ea9f56616fda8322583801dc12d08ac.jpg;416;416;Not Ready to Harvest;70;45;306;345
B66_jpg.rf.7e77e75e5bb77f0e6b16e6c2b05ff857.jpg;416;416;Not Ready to Harvest;16;118;366;326
M58_jpg.rf.7b676a0e76f2052692126c167c4a9299.jpg;416;416;Ready to Harvest;14;168;322;326
B35_jpg.rf.789a698c9aee0132206daae1dcbc087d.jpg;416;416;Not Ready to Harvest;85;172;370;336
B52_jpg.rf.7cf16b746361a49268d671b6e3a07342.jpg;416;416;Not Ready to Harvest;119;144;387;357
M80_jpg.rf.7ffc9582a0c6c590d72ef55cc793a800.jpg;416;416;Ready to Harvest;43;114;400;396
B60_jpg.rf.805f21af7384521b7b24d860a48bc176.jpg;416;416;Not Ready to Harvest;0;114;371;357
B100_JPG_jpg.rf.777b843e8055bc703bba82f871340658.jpg;416;416;Not Ready to Harvest;80;106;329;309
B99_JPG_jpg.rf.81d854fe39402e81574554b9e4ba0a6e.jpg;416;416;Not Ready to Harvest;22;57;415;344
B75_jpg.rf.7f1f713fe7673cbc5ff58892d43c8139.jpg;416;416;Not Ready to Harvest;62;104;354;368
B81_jpg.rf.7a60458eb369e24b8eaa089567d75668.jpg;416;416;Not Ready to Harvest;0;110;416;345
B20_jpg.rf.7f5e4c4e210ae2507934100349d9d75e.jpg;416;416;Not Ready to Harvest;56;159;356;322
B64_jpg.rf.7f1c3feeb020177c510928f0843d591e.jpg;416;416;Not Ready to Harvest;30;112;391;344
B20_jpg.rf.81992c40bbdda70d7ec0354eebfd128f.jpg;416;416;Not Ready to Harvest;75;150;360;305
M8_jpg.rf.7cd78ef8ef2c69895e2a11813e64b3bf.jpg;416;416;Ready to Harvest;20;52;378;334
M52_jpg.rf.82f3e386a3ec2776ef62ba8425563954.jpg;416;416;Ready to Harvest;17;61;304;294
B25_jpg.rf.860400d448712073deb9506c6fcb637d.jpg;416;416;Not Ready to Harvest;63;134;370;316
B6_jpg.rf.8322b5f71320c8d87cece65964190c4d.jpg;416;416;Not Ready to Harvest;3;104;315;342
B3_jpg.rf.80f399ae78794ef31e78386877ef3113.jpg;416;416;Not Ready to Harvest;47;164;267;262
B91_jpg.rf.801edcdd7af622e5e77c1f8a51de5213.jpg;416;416;Not Ready to Harvest;16;67;415;381
B69_jpg.rf.84f9db543d183c86c3c3db9ef3e620b8.jpg;416;416;Not Ready to Harvest;66;100;361;387
B52_jpg.rf.87b8b3343540a54cbceaaeb636ec707c.jpg;416;416;Not Ready to Harvest;121;150;386;361
B73_jpg.rf.8773cc24b5720b8141cb3ba66aad3573.jpg;416;416;Not Ready to Harvest;55;102;313;367
B43_jpg.rf.82b663b4667ae57ec734a69c574b25c3.jpg;416;416;Not Ready to Harvest;60;158;334;343
B92_jpg.rf.8ff227f559e2aed61c43b82884ea2b60.jpg;416;416;Not Ready to Harvest;24;90;396;358
B75_jpg.rf.902f3c9a55ed153bdee05fecc4bdb2c3.jpg;416;416;Not Ready to Harvest;53;106;354;380
B3_jpg.rf.90ae2763445d7dfb3d7a10532fa4dd1a.jpg;416;416;Not Ready to Harvest;45;173;271;274
M89_jpg.rf.8dc0e227a363aaa38b0b68938927d646.jpg;416;416;Ready to Harvest;103;74;413;415
B81_jpg.rf.900fc7e9827c6eb68c8003718c6d4d13.jpg;416;416;Not Ready to Harvest;0;122;415;351
M69_jpg.rf.8c0f9161ce178be85145827a657c5a45.jpg;416;416;Ready to Harvest;22;113;328;374
B66_jpg.rf.90baa012558e3436c139280b9dadd1ca.jpg;416;416;Not Ready to Harvest;15;118;367;327
B1_jpg.rf.89779a67cbf596be824f390b5f4aff5e.jpg;416;416;Not Ready to Harvest;38;158;262;240
B92_jpg.rf.8a55c9e9696c5e03eefc5a7a691609cf.jpg;416;416;Not Ready to Harvest;8;91;415;387
B98_JPG_jpg.rf.89f306b74c8dd96b588238bb09b8ef99.jpg;416;416;Not Ready to Harvest;47;101;368;325
B69_jpg.rf.85741df6e88b4b9e15630bce8ea416c2.jpg;416;416;Not Ready to Harvest;84;100;377;386
B16_jpg.rf.93c7c705746f89f2722dd10236f05664.jpg;416;416;Not Ready to Harvest;109;165;383;335
B81_jpg.rf.91be1b1aa3f77643943568034c553cd3.jpg;416;416;Not Ready to Harvest;7;126;415;353
B3_jpg.rf.88e21093db7106f5b2ed3e2af90b0ad0.jpg;416;416;Not Ready to Harvest;46;194;270;294
B32_jpg.rf.8f38a820df23c89601eef508f7f6caeb.jpg;416;416;Not Ready to Harvest;59;185;366;325
B53_jpg.rf.9420548423534d77b51ec1846170bcef.jpg;416;416;Not Ready to Harvest;84;34;311;321
B57_jpg.rf.91781deede29ff44ff04aa6a392f608b.jpg;416;416;Not Ready to Harvest;33;78;405;297
B25_jpg.rf.90a82b66ca04c657ffebb79fc0bca3ea.jpg;416;416;Not Ready to Harvest;62;148;356;323
B21_jpg.rf.92aedbb11ab6985f078ebe78b93a434a.jpg;416;416;Not Ready to Harvest;90;142;387;319
B67_jpg.rf.951c2732a0fabf9082acafefc4356ddc.jpg;416;416;Not Ready to Harvest;16;107;400;343
B29_jpg.rf.9511a8541d9d2a899698f49f20e3d226.jpg;416;416;Not Ready to Harvest;137;149;360;318
B1_jpg.rf.8a015fdd94997ce47c58dcd9addae46d.jpg;416;416;Not Ready to Harvest;48;163;260;241
B20_jpg.rf.938d6303c3706a3e2576fd590b1e9d59.jpg;416;416;Not Ready to Harvest;78;155;388;323
B50_jpg.rf.951b42bbdba708697775d4584b8a2e4d.jpg;416;416;Not Ready to Harvest;96;157;339;357
B74_jpg.rf.92e016a6fa73ff2785618c8a6a5be250.jpg;416;416;Not Ready to Harvest;3;104;411;370
B7_jpg.rf.978f8a32fc2e15fbaa6f70c88d0f1d62.jpg;416;416;Not Ready to Harvest;46;137;342;338
B15_jpg.rf.99b40cf012ef1238d19b784208ed6b7d.jpg;416;416;Not Ready to Harvest;39;174;320;335
M75_jpg.rf.8981cbd5cba0334b667d5d119afa931e.jpg;416;416;Ready to Harvest;8;84;339;352
B92_jpg.rf.95fbf3964ebbffdac68bb94a12bac5d3.jpg;416;416;Not Ready to Harvest;0;89;400;389
B59_jpg.rf.971e2306a12c4bacb7ea02e37f2b5b8d.jpg;416;416;Not Ready to Harvest;44;124;390;331
B92_jpg.rf.9647678423d3116d1a7d5db0b7d4438c.jpg;416;416;Not Ready to Harvest;24;84;404;359
B94_jpg.rf.99a3f3de3cea83595cdf0fd286744bb0.jpg;416;416;Not Ready to Harvest;4;93;415;404
B42_jpg.rf.938daa9b573dc4c071e8704f00884331.jpg;416;416;Not Ready to Harvest;10;158;284;353
B34_jpg.rf.9a545b1fee0049cfb25e984060859b6d.jpg;416;416;Not Ready to Harvest;92;178;412;324
B3_jpg.rf.9ca367d0e202ca51203812e5a13993f9.jpg;416;416;Not Ready to Harvest;37;171;251;267
B25_jpg.rf.95e28cf3e86862ad7c03e5962f353a8d.jpg;416;416;Not Ready to Harvest;54;135;360;317
B75_jpg.rf.9662e09910560a527929c6e3387281e7.jpg;416;416;Not Ready to Harvest;73;93;372;365
B40_jpg.rf.9d5087683a4dc6ecb9dda9b1b65f6f88.jpg;416;416;Not Ready to Harvest;32;54;388;325
M80_jpg.rf.9c91558bd4f11cbb8c4586cca1cb543d.jpg;416;416;Ready to Harvest;34;87;400;375
M83_jpg.rf.953731b1265044707b7cee683bbb71d1.jpg;416;416;Ready to Harvest;37;122;398;401
B4_jpg.rf.9b2471d729cf6701780562b4933789c0.jpg;416;416;Not Ready to Harvest;16;176;293;285
B52_jpg.rf.9b9cf5034013bf7c0b090dd54e142e4f.jpg;416;416;Not Ready to Harvest;124;145;382;350
B81_jpg.rf.9c8eb879f21fc4ac88f22cdc54ab683a.jpg;416;416;Not Ready to Harvest;12;126;415;357
B16_jpg.rf.9ab4dc242319c4502f7eeab50f419bf1.jpg;416;416;Not Ready to Harvest;109;157;367;318
B50_jpg.rf.9a067bd8db07afb768d5295191e25e23.jpg;416;416;Not Ready to Harvest;95;153;340;354
B81_jpg.rf.9e0d5c41eb3d76105b03be4746fd14bf.jpg;416;416;Not Ready to Harvest;0;92;415;336
B1_jpg.rf.9b80f960ccc0f1823cc383c78881ae8f.jpg;416;416;Not Ready to Harvest;48;162;273;244
M6_jpg.rf.983fa92afc0f262d3f6f829e462820dd.jpg;416;416;Ready to Harvest;27;79;413;318
B13_jpg.rf.9d621ef0763dc21319c6e339ecebe440.jpg;416;416;Not Ready to Harvest;83;106;314;254
B6_jpg.rf.91c2cd0eb25064b971732f168152924e.jpg;416;416;Not Ready to Harvest;21;89;349;340
M83_jpg.rf.9ddcce8f904a4b5e6de0ca0eed73467f.jpg;416;416;Ready to Harvest;41;123;397;398
B43_jpg.rf.9bc14960a6d1ea56d909cf578547c361.jpg;416;416;Not Ready to Harvest;47;164;303;336
M83_jpg.rf.a615a2bef031e042c6d2622005ed55c9.jpg;416;416;Ready to Harvest;19;127;399;416
B67_jpg.rf.9b1682caa237502d760da3c90d95c666.jpg;416;416;Not Ready to Harvest;40;126;403;349
B93_jpg.rf.a0e33ad76f11e1a8aff83972e14ce3db.jpg;416;416;Not Ready to Harvest;13;123;415;409
M88_jpg.rf.a54112127efa3f15435971b4233c5b50.jpg;416;416;Ready to Harvest;5;132;342;403
B41_jpg.rf.a16c41d8911296a88e35fe95d379de92.jpg;416;416;Not Ready to Harvest;0;103;322;312
B94_jpg.rf.9f1eeae76fef058705f81ed8518bf341.jpg;416;416;Not Ready to Harvest;24;118;395;399
B74_jpg.rf.a09c23e8426bb45c76cfafe22b26766f.jpg;416;416;Not Ready to Harvest;0;105;415;396
B32_jpg.rf.9f3ebb52684d494f764bac746930acd0.jpg;416;416;Not Ready to Harvest;83;163;391;302
B82_jpg.rf.a03bf7d95dcab33cfd5f5827b8fe445d.jpg;416;416;Not Ready to Harvest;37;123;405;356
B21_jpg.rf.a30d2f83728e3d2cb24b5e2b4bfe4887.jpg;416;416;Not Ready to Harvest;93;129;364;290
B7_jpg.rf.a359a5d1e1c62c4836351213c6f8ef2c.jpg;416;416;Not Ready to Harvest;17;113;338;331
M80_jpg.rf.a49881b7778ce06f4dd21179dfda2913.jpg;416;416;Ready to Harvest;55;107;404;383
B85_jpg.rf.9e3a961e271d75907e7188eaea1a527e.jpg;416;416;Not Ready to Harvest;16;105;404;358
B10_jpg.rf.a62e7180959ac7dde2a948d66be007bb.jpg;416;416;Not Ready to Harvest;93;129;372;369
M6_jpg.rf.a131c9c9984241065844d46da1904cb1.jpg;416;416;Ready to Harvest;34;96;409;329
B82_jpg.rf.a736f247923f7bec6a4de1cb5ce85cfb.jpg;416;416;Not Ready to Harvest;67;125;406;340
B48_jpg.rf.a6fe84a1970979e5eb2550dc0ab2e24a.jpg;416;416;Not Ready to Harvest;29;88;266;279
B43_jpg.rf.a9ea06300f6e0ee46f994126290bffb7.jpg;416;416;Not Ready to Harvest;49;154;312;332
B44_jpg.rf.a158e6a88ee32a93d15d8e5e511c03ac.jpg;416;416;Not Ready to Harvest;104;162;351;337
M65_jpg.rf.a8974af7e03aa5fa9b1658c9260ed1ca.jpg;416;416;Ready to Harvest;76;86;342;354
M66_jpg.rf.a4b08d249b0d92a5fdbdadcdd9bef1b6.jpg;416;416;Ready to Harvest;0;96;370;380
B81_jpg.rf.a15ea2c8baef069e22818533661cd04a.jpg;416;416;Not Ready to Harvest;6;117;415;347
B48_jpg.rf.a7a47eaefb5d824bd9ffcc8b65040d43.jpg;416;416;Not Ready to Harvest;54;91;274;269
B42_jpg.rf.a445a318acff8faaccc84f6ebd64b9f1.jpg;416;416;Not Ready to Harvest;37;155;288;334
B1_jpg.rf.aa428b10ae108ca165caf15482a02f66.jpg;416;416;Not Ready to Harvest;50;166;271;247
B2_jpg.rf.a98b2a88a581724048078dc97d68e784.jpg;416;416;Not Ready to Harvest;122;186;327;270
B43_jpg.rf.a931c45140ffbc683a591f4a56f7d2e2.jpg;416;416;Not Ready to Harvest;32;133;312;321
M67_jpg.rf.a89da8263be157fdd777b2bec0f0f1b9.jpg;416;416;Ready to Harvest;114;103;402;376
M57_jpg.rf.ada98da8c70dd464dfd82893954f196b.jpg;416;416;Ready to Harvest;118;76;396;356
B73_jpg.rf.ab9c60a3686254a41a429547cdb55d3f.jpg;416;416;Not Ready to Harvest;73;111;318;362
B65_jpg.rf.aa35da265243de0cc772b2f67da9191d.jpg;416;416;Not Ready to Harvest;35;129;414;355
B43_jpg.rf.aa3e3aa83dc5ecda57165b0d7eae2bd8.jpg;416;416;Not Ready to Harvest;26;155;297;338
B59_jpg.rf.a9800fcedb01b879af3c385edf7199e9.jpg;416;416;Not Ready to Harvest;43;123;388;329
B74_jpg.rf.ac1e193d9884467a5736c3cbd57745ed.jpg;416;416;Not Ready to Harvest;4;104;414;371
M56_jpg.rf.abd8260351268bfa095811542f360fb0.jpg;416;416;Ready to Harvest;109;133;332;372
B43_jpg.rf.ae6adc1c85c1aa5e465caae5a8550143.jpg;416;416;Not Ready to Harvest;50;170;322;353
M74_jpg.rf.aed52d246a86639d407b672bf277f2ca.jpg;416;416;Ready to Harvest;7;140;347;352
B94_jpg.rf.abf91d259478cfcb6fa63c447ab99cba.jpg;416;416;Not Ready to Harvest;23;118;394;399
B52_jpg.rf.aafac737cdabd3b8f1081d65be691de2.jpg;416;416;Not Ready to Harvest;122;131;394;347
M40_jpg.rf.afb7baea0bf0415820855a2cdd52bff4.jpg;416;416;Ready to Harvest;52;91;402;298
B66_jpg.rf.afd1c9ffc246ff9dcaa050e35bdbd85b.jpg;416;416;Not Ready to Harvest;9;115;373;331
M77_jpg.rf.acd0e3bad48129a2aceca8bcf6f321e6.jpg;416;416;Ready to Harvest;81;135;366;354
B60_jpg.rf.b3fe68fc36b76c624b8dcae8e8ecad4b.jpg;416;416;Not Ready to Harvest;20;122;367;349
B45_jpg.rf.b4a279b0cb942da5efcb55ed81a19a12.jpg;416;416;Not Ready to Harvest;45;141;246;322
B31_jpg.rf.b5df52915994abe98325f17975982899.jpg;416;416;Not Ready to Harvest;117;136;355;394
M84_jpg.rf.aff338016459615d7dc79f00058b196d.jpg;416;416;Ready to Harvest;18;108;310;391
B98_JPG_jpg.rf.b5b1323ef056f51400a13c2a410ee407.jpg;416;416;Not Ready to Harvest;47;98;374;327
B6_jpg.rf.b50ac181e3b45231c17fbc2df3a5ab92.jpg;416;416;Not Ready to Harvest;1;104;326;352
B31_jpg.rf.ad1fff46414988c21b522eb902634f3d.jpg;416;416;Not Ready to Harvest;131;126;351;364
B79_jpg.rf.b152d1dc8f4f5d2ed3fc37f8e3614677.jpg;416;416;Not Ready to Harvest;0;98;383;374
M55_jpg.rf.b99724193447373448148e362fc65ed4.jpg;416;416;Ready to Harvest;58;118;416;397
M99_jpg.rf.b15739c7e231ec06c5071f65d38f1c1c.jpg;416;416;Not Ready to Harvest;21;74;309;380
M90_jpg.rf.b037b64a14ebfd26a7ac306a8b360043.jpg;416;416;Ready to Harvest;9;99;370;411
B32_jpg.rf.b60a534ad7a1a06829a420d94956c9dd.jpg;416;416;Not Ready to Harvest;65;181;359;315
B48_jpg.rf.b056f5c3ebd55130336d66b2bd1f5ae0.jpg;416;416;Not Ready to Harvest;49;91;269;270
M86_jpg.rf.b0a7ba21fdf5e5d209d65f3c6e3aac56.jpg;416;416;Ready to Harvest;58;96;401;350
M84_jpg.rf.b944da97a2472668e07adb1ab10d0023.jpg;416;416;Ready to Harvest;12;125;301;405
B7_jpg.rf.adefa80244b90ff531a023af8d0c7be1.jpg;416;416;Not Ready to Harvest;22;142;342;359
B16_jpg.rf.b38b648b4128a7bbb0954c1af971e142.jpg;416;416;Not Ready to Harvest;86;151;368;326
M54_jpg.rf.b9c062c33ec1f50ccab9bf68f810ffc4.jpg;416;416;Ready to Harvest;50;86;375;355
B50_jpg.rf.b8436460ba09a706c0148cc156342cb3.jpg;416;416;Not Ready to Harvest;96;127;348;335
B65_jpg.rf.bc7f89ac9435c305209af31659af53b7.jpg;416;416;Not Ready to Harvest;32;124;392;339
B91_jpg.rf.bf7689d59a664504d5ba9304f379f85c.jpg;416;416;Not Ready to Harvest;0;64;415;370
B29_jpg.rf.be8dd66b48d537e2e1ec060f93a6ede5.jpg;416;416;Not Ready to Harvest;143;150;387;335
B56_jpg.rf.ba9c0968e34ee0f30d841c649166c860.jpg;416;416;Not Ready to Harvest;14;104;401;331
B90_jpg.rf.b9984287cfe2570b437246ea73d3be4b.jpg;416;416;Not Ready to Harvest;24;106;412;384
M86_jpg.rf.b6cecfc911dc51c579e22691dd1e112b.jpg;416;416;Ready to Harvest;58;91;406;348
B3_jpg.rf.bb7b5bee0930255f790f38346333fd8b.jpg;416;416;Not Ready to Harvest;32;188;245;283
B8_jpg.rf.b9fd6fc7db226bb794a34949a1457673.jpg;416;416;Not Ready to Harvest;57;90;374;341
M92_jpg.rf.b6f4c25f2f5b7f7ff4c8bf257086907e.jpg;416;416;Ready to Harvest;32;90;360;382
B57_jpg.rf.c1636c10f37ea4c30da63a5999e50aaa.jpg;416;416;Not Ready to Harvest;33;101;373;301
B93_jpg.rf.c05b3a070de3593e7ee5e7b85a4d31a0.jpg;416;416;Not Ready to Harvest;15;128;411;402
M6_jpg.rf.bf0f34cbe1e91d2fbe9c27e78c8a275a.jpg;416;416;Ready to Harvest;33;97;408;329
B82_jpg.rf.c4135a15e2cda6faf63b5b0969cf5592.jpg;416;416;Not Ready to Harvest;70;126;415;351
B1_jpg.rf.bfa0257890096058f33d641329a9cc2e.jpg;416;416;Not Ready to Harvest;44;153;268;234
B34_jpg.rf.bbd18ab14f1b8e324ddd27311061db1c.jpg;416;416;Not Ready to Harvest;93;186;415;333
B4_jpg.rf.c22643448ee07996ac57e926ba78a44c.jpg;416;416;Not Ready to Harvest;16;175;301;287
M90_jpg.rf.c0de1db7bfd9ec729a4cc062c153c164.jpg;416;416;Ready to Harvest;3;89;380;415
B1_jpg.rf.c3e178c8250c85edd09c22251757a0fe.jpg;416;416;Not Ready to Harvest;24;162;253;246
B16_jpg.rf.c18f80de51297fbda1a4d017e2d35e0d.jpg;416;416;Not Ready to Harvest;102;158;378;329
B40_jpg.rf.bf260da5e3769634b3edccb558a6bcc6.jpg;416;416;Not Ready to Harvest;30;70;360;320
B52_jpg.rf.c441a05e73e214baf34f619d3e4fedbd.jpg;416;416;Not Ready to Harvest;128;145;397;358
B82_jpg.rf.c2b3ecb302d28d104343f905fb41f900.jpg;416;416;Not Ready to Harvest;65;114;415;350
M81_jpg.rf.c5d5efe96a2519b21ee1f5c82e6f4932.jpg;416;416;Ready to Harvest;43;72;415;382
M99_jpg.rf.c569c534cfbf04fe2d34a5eae24b4b49.jpg;416;416;Not Ready to Harvest;24;55;330;380
B81_jpg.rf.c47b6501664a36471036c897fa81766e.jpg;416;416;Not Ready to Harvest;0;113;415;346
B85_jpg.rf.c41ae898673994cae07cb4030ddbf148.jpg;416;416;Not Ready to Harvest;16;105;416;371
B13_jpg.rf.c9f7999312b9c85dfda1bd4aa6a5c595.jpg;416;416;Not Ready to Harvest;68;92;314;249
M66_jpg.rf.ca0cc823ec88f4e9ed45fa4980fae1d5.jpg;416;416;Ready to Harvest;9;70;377;352
B16_jpg.rf.c7f362d7cef1f620f3207088b9cc05c8.jpg;416;416;Not Ready to Harvest;102;165;366;328
B18_jpg.rf.c6ceb9efe6bfa05eb47f1f981ae5f069.jpg;416;416;Not Ready to Harvest;67;166;261;328
B23_jpg.rf.c92588d3cbcb59e804e691e2c2484d6a.jpg;416;416;Not Ready to Harvest;63;160;336;330
B60_jpg.rf.c20ca5bf318afef4ab636c409032844f.jpg;416;416;Not Ready to Harvest;15;119;367;349
M92_jpg.rf.ca36ebbbb4b433d601dc461bb504a701.jpg;416;416;Ready to Harvest;24;92;360;389
B3_jpg.rf.c95cd2d72781a555d6d84c5121b4472d.jpg;416;416;Not Ready to Harvest;38;178;247;271
M72_jpg.rf.c10072fccaece36c0217c66304f9a084.jpg;416;416;Ready to Harvest;49;94;343;355
B42_jpg.rf.cfa03d686de88cbcfe161e2c934acadc.jpg;416;416;Not Ready to Harvest;26;150;282;332
B65_jpg.rf.cf1545a947f398807491c6de82d91a44.jpg;416;416;Not Ready to Harvest;39;125;394;337
B18_jpg.rf.ca894035fd6bfdd336cce135b5be6280.jpg;416;416;Not Ready to Harvest;74;173;265;332
B82_jpg.rf.cdb7eb13a05364bc81f26ac7a0355588.jpg;416;416;Not Ready to Harvest;50;119;414;350
B20_jpg.rf.cab253ccd708d7a5c7c7483ea4921e37.jpg;416;416;Not Ready to Harvest;65;151;364;313
B43_jpg.rf.cd4f00b9da507b7b03c63f94a44a54a5.jpg;416;416;Not Ready to Harvest;52;162;305;331
B91_jpg.rf.cffd7c403626b7d95d018e2369f00b48.jpg;416;416;Not Ready to Harvest;18;85;413;365
B69_jpg.rf.c88c1d85c3b4caf77c48cc09ce697608.jpg;416;416;Not Ready to Harvest;75;96;378;392
B69_jpg.rf.cd928245b43da830bf14f919bbccbd6c.jpg;416;416;Not Ready to Harvest;74;94;358;371
M78_jpg.rf.c5b3ff25486c776220f442a91d3530d0.jpg;416;416;Ready to Harvest;24;147;344;411
B60_jpg.rf.cf8f139e16b1783f7eb01e858a7e6253.jpg;416;416;Not Ready to Harvest;0;116;361;361
M67_jpg.rf.cf97fb5f4e72ce7be8938e0d28b8187e.jpg;416;416;Ready to Harvest;111;102;393;369
B79_jpg.rf.d095a416a9f1eb1ed5871a183e25bfeb.jpg;416;416;Not Ready to Harvest;0;111;377;373
B74_jpg.rf.cfe4a9d059c5f4af0cb9dd64403b31cb.jpg;416;416;Not Ready to Harvest;2;104;415;375
B90_jpg.rf.d132468be601ba63e01b98ee6a84dad2.jpg;416;416;Not Ready to Harvest;18;104;405;382
B59_jpg.rf.d182bbc68f2bb24fca181eadf227ae61.jpg;416;416;Not Ready to Harvest;24;121;397;345
B39_jpg.rf.d264bb0756ec88fd9b4f99edf3bb2efd.jpg;416;416;Not Ready to Harvest;96;151;319;339
M73_jpg.rf.d17b054ecdac68c8fb2d1e9815497239.jpg;416;416;Ready to Harvest;30;67;348;350
B41_jpg.rf.d052004a4f9136b6914ea90c1b14ad57.jpg;416;416;Not Ready to Harvest;18;109;323;305
B10_jpg.rf.d15b34336b41f3c5fd69476cf7f9679f.jpg;416;416;Not Ready to Harvest;95;128;359;355
B37_jpg.rf.ca025ad9e4e0c8cfbbf02b13aced2730.jpg;416;416;Not Ready to Harvest;69;166;302;321
M59_jpg.rf.d16c973f5a1d6e367829a42c98824540.jpg;416;416;Ready to Harvest;37;144;341;341
B90_jpg.rf.cfcc9b1689f4734f110c30c4cd36de26.jpg;416;416;Not Ready to Harvest;23;109;403;381
